id,source_question_id,exam_group,goal,subject,chapter,topic,year,paper_key,paper_title,difficulty,has_image,type,question,hindi,english,options,correct_options,answer,explanation,scoring,taxonomy_enrichment,status,tags,reviewed_by,reviewed_at,rejection_reason,created_at,updated_at,correct_display_id,correct_answer,explanation_markdown
1jVJCgGA1acmjX,347577540,jee,jee_main,mathematics,dummy,,2025,2025-04-03_morning_domestic,JEE Main 2025 (Online) 3 April Morning Shift,,FALSE,mcq,"{""hindi"": ""माना बिंदु $(4,1,0)$ से होकर जाने वाली एक रेखा, रेखा $\\mathrm{L}_{1}: \\frac{x-1}{2}=\\frac{y-2}{3}=\\frac{z-3}{4}$ को बिंदु $A(\\alpha, \\beta, \\gamma)$ और रेखा $\\mathrm{L}_{2}: x-6=y=-z+4$ को बिंदु $B(a, b, c)$ पर काटती है। तो $\\left|\\begin{array}{lll}1 & 0 & 1 \\\\ \\alpha & \\beta & \\gamma \\\\ a & b & c\\end{array}\\right|$ बराबर है"", ""english"": ""Let a line passing through the point $(4,1,0)$ intersect the line $\\mathrm{L}_{1}: \\frac{x-1}{2}=\\frac{y-2}{3}=\\frac{z-3}{4}$ at the point $A(\\alpha, \\beta, \\gamma)$ and the line $\\mathrm{L}_{2}: x-6=y=-z+4$ at the point $B(a, b, c)$. Then $\\left|\\begin{array}{lll}1 & 0 & 1 \\\\ \\alpha & \\beta & \\gamma \\\\ a & b & c\\end{array}\\right|$ is equal to""}","माना बिंदु $(4,1,0)$ से होकर जाने वाली एक रेखा, रेखा $\mathrm{L}_{1}: \frac{x-1}{2}=\frac{y-2}{3}=\frac{z-3}{4}$ को बिंदु $A(\alpha, \beta, \gamma)$ और रेखा $\mathrm{L}_{2}: x-6=y=-z+4$ को बिंदु $B(a, b, c)$ पर काटती है। तो $\left|\begin{array}{lll}1 & 0 & 1 \\ \alpha & \beta & \gamma \\ a & b & c\end{array}\right|$ बराबर है","Let a line passing through the point $(4,1,0)$ intersect the line $\mathrm{L}_{1}: \frac{x-1}{2}=\frac{y-2}{3}=\frac{z-3}{4}$ at the point $A(\alpha, \beta, \gamma)$ and the line $\mathrm{L}_{2}: x-6=y=-z+4$ at the point $B(a, b, c)$. Then $\left|\begin{array}{lll}1 & 0 & 1 \\ \alpha & \beta & \gamma \\ a & b & c\end{array}\right|$ is equal to","{""hindi"": [{""id"": ""3475771842"", ""text"": ""8"", ""displayId"": ""A""}, {""id"": ""3475771843"", ""text"": ""6"", ""displayId"": ""B""}, {""id"": ""3475771844"", ""text"": ""12"", ""displayId"": ""C""}, {""id"": ""3475771845"", ""text"": ""16"", ""displayId"": ""D""}], ""english"": [{""id"": ""3475771842"", ""text"": ""8"", ""displayId"": ""A""}, {""id"": ""3475771843"", ""text"": ""6"", ""displayId"": ""B""}, {""id"": ""3475771844"", ""text"": ""12"", ""displayId"": ""C""}, {""id"": ""3475771845"", ""text"": ""16"", ""displayId"": ""D""}]}","[""3475771842""]","{""hindi"": """", ""english"": """"}","{""hindi"": """", ""english"": """"}","{""isMandatory"": false, ""correctMarks"": 4, ""incorrectMarks"": -1}",,approved,,,0,,1785668310,1785993295,A,8,"## Concept
Since points $P(4,1,0)$, $A$, and $B$ are collinear, their coordinates can be parameterized along lines $L_1$ and $L_2$ and solved by equating direction ratios.

## Formula
For collinear points $P, A, B$:
$$\frac{x_A - x_P}{x_B - x_P} = \frac{y_A - y_P}{y_B - y_P} = \frac{z_A - z_P}{z_B - z_P}$$

## Steps
1. Parameterize $A(2\lambda+1, 3\lambda+2, 4\lambda+3)$ on $L_1$ and $B(\mu+6, \mu, 4-\mu)$ on $L_2$.
2. Write the collinearity of $P(4,1,0)$, $A$, and $B$:
   $$\frac{2\lambda-3}{\mu+2} = \frac{3\lambda+1}{\mu-1} = \frac{4\lambda+3}{4-\mu}$$
3. Solving simultaneously gives $\lambda\mu = -3$ and $2\lambda + \mu = 1$, yielding $\lambda = -1$ and $\mu = 3$.
4. Coordinates are $A(-1, -1, -1)$ and $B(9, 3, 1)$.
5. Evaluate the determinant:
   $$\begin{vmatrix} 1 & 0 & 1 \\ -1 & -1 & -1 \\ 9 & 3 & 1 \end{vmatrix} = 1(-1+3) + 1(-3+9) = 2 + 6 = 8$$

## Answer
**Answer:** 8 → (A)

## Note
Always cross-check the quadratic roots of $\lambda$ across all three ratio pairs to discard extraneous solutions."
1jQOyyinCy7W2P,34757777,jee,jee_main,mathematics,dummy,,2025,2025-04-03_evening_domestic,JEE Main 2025 (Online) 3 April Evening Shift,,FALSE,mcq,"{""hindi"": ""यदि फलन $f(x)=\\log _{7}\\left(1-\\log _{4}\\left(x^{2}-9 x+18\\right)\\right)$ का प्रांत $(\\alpha, \\beta) \\mathrm{U}(\\gamma, \\delta)$ है, तो $\\alpha+\\beta+\\gamma+\\hat{o}$ बराबर है:"", ""english"": ""If the domain of the function $f(x)=\\log _{7}\\left(1-\\log _{4}\\left(x^{2}-9 x+18\\right)\\right)$ is $(\\alpha, \\beta) \\cup(\\gamma, \\delta)$, then $\\alpha+\\beta+\\gamma+\\delta$ is equal to""}","यदि फलन $f(x)=\log _{7}\left(1-\log _{4}\left(x^{2}-9 x+18\right)\right)$ का प्रांत $(\alpha, \beta) \mathrm{U}(\gamma, \delta)$ है, तो $\alpha+\beta+\gamma+\hat{o}$ बराबर है:","If the domain of the function $f(x)=\log _{7}\left(1-\log _{4}\left(x^{2}-9 x+18\right)\right)$ is $(\alpha, \beta) \cup(\gamma, \delta)$, then $\alpha+\beta+\gamma+\delta$ is equal to","{""hindi"": [{""id"": ""347577260"", ""text"": ""15"", ""displayId"": ""A""}, {""id"": ""347577261"", ""text"": ""16"", ""displayId"": ""B""}, {""id"": ""347577262"", ""text"": ""17"", ""displayId"": ""C""}, {""id"": ""347577263"", ""text"": ""18"", ""displayId"": ""D""}], ""english"": [{""id"": ""347577260"", ""text"": ""15"", ""displayId"": ""A""}, {""id"": ""347577261"", ""text"": ""16"", ""displayId"": ""B""}, {""id"": ""347577262"", ""text"": ""17"", ""displayId"": ""C""}, {""id"": ""347577263"", ""text"": ""18"", ""displayId"": ""D""}]}","[""347577263""]","{""hindi"": """", ""english"": """"}","{""hindi"": """", ""english"": """"}","{""isMandatory"": false, ""correctMarks"": 4, ""incorrectMarks"": -1}",,approved,,,0,,1785668031,1785991530,D,18,"## Concept
For $\log_b(u)$ to be defined, the argument $u$ must be strictly positive.

## Formula
$$\log_b(u) > 0 \iff u > 0 \quad (b > 1)$$

## Steps
1. For inner log to exist: $x^2 - 9x + 18 > 0 \implies (x-3)(x-6) > 0 \implies x \in (-\infty, 3) \cup (6, \infty)$
2. For outer log to exist: $1 - \log_4(x^2 - 9x + 18) > 0 \implies x^2 - 9x + 18 < 4^1$
3. Solve $x^2 - 9x + 14 < 0 \implies (x-2)(x-7) < 0 \implies x \in (2, 7)$
4. Intersect the two conditions: $x \in (2, 3) \cup (6, 7) \implies \alpha=2, \beta=3, \gamma=6, \delta=7$
5. Compute the required sum: $\alpha + \beta + \gamma + \delta = 2 + 3 + 6 + 7 = 18$

## Answer
**Answer:** 18 → (D)

## Note
Always apply positivity conditions to the arguments of all nested logarithmic terms simultaneously."
